id_punto,alcaldia,latitud,longitud,error_inyectado,latitud_real,longitud_real
DS-0001,Azcapotzalco,19.436978024277984,-99.05531772460711,ninguno,19.436978024277984,-99.05531772460711
DS-0002,Cuauhtémoc,19.269439219876027,-98.99543884531052,ninguno,19.269439219876027,-98.99543884531052
DS-0003,Coyoacán,,,nulos,19.479298959955692,-98.98157712108193
DS-0004,Álvaro Obregón,-99.14854682992676,19.39868401452968,coordenadas_invertidas,19.39868401452968,-99.14854682992676
DS-0005,Tlalpan,19.097088673943826,-99.14188995410377,ninguno,19.097088673943826,-99.14188995410377
DS-0006,Miguel Hidalgo,19.53781117581838,-99.03005183569447,ninguno,19.53781117581838,-99.03005183569447
DS-0007,Álvaro Obregón,19.430569850995177,-99.22421972330231,ninguno,19.430569850995177,-99.22421972330231
DS-0008,Miguel Hidalgo,19.443032152638477,99.01504705506197,signo_longitud,19.443032152638477,-99.01504705506197
DS-0009,Tlalpan,19.114056816337772,-99.15234334139303,ninguno,19.114056816337772,-99.15234334139303
DS-0010,Gustavo A. Madero,19.275192968947785,-99.30365731026589,ninguno,19.275192968947785,-99.30365731026589
DS-0011,Álvaro Obregón,19.235399012116293,-99.32117634117081,ninguno,19.235399012116293,-99.32117634117081
DS-0012,Coyoacán,19.513382494424302,-99.01320271558421,ninguno,19.513382494424302,-99.01320271558421
DS-0013,Miguel Hidalgo,19.37193256004033,-99.32777283323725,ninguno,19.37193256004033,-99.32777283323725
DS-0014,Venustiano Carranza,19.461380806635415,-99.23775542554654,ninguno,19.461380806635415,-99.23775542554654
DS-0015,Gustavo A. Madero,19.271707099413668,-99.21634798379938,ninguno,19.271707099413668,-99.21634798379938
DS-0016,Coyoacán,-99.28080222192335,19.16361936089239,coordenadas_invertidas,19.16361936089239,-99.28080222192335
DS-0017,Álvaro Obregón,19.327292393507918,-99.2244426520792,ninguno,19.327292393507918,-99.2244426520792
DS-0018,Tlalpan,19.081908628052087,-99.05292297330996,ninguno,19.081908628052087,-99.05292297330996
DS-0019,Tlalpan,19.46381558599629,-99.34412686257596,ninguno,19.46381558599629,-99.34412686257596
DS-0020,Álvaro Obregón,19.365832199561034,-99.01913063019173,ninguno,19.365832199561034,-99.01913063019173
DS-0021,Coyoacán,19.429043870042687,-99.00738079057018,ninguno,19.429043870042687,-99.00738079057018
DS-0022,Gustavo A. Madero,-99.20109537072338,19.227262984064936,coordenadas_invertidas,19.227262984064936,-99.20109537072338
DS-0023,Gustavo A. Madero,19.535349012197454,-99.28855484037574,ninguno,19.535349012197454,-99.28855484037574
DS-0024,Iztapalapa,19.4965605606611,-99.10966383682197,ninguno,19.4965605606611,-99.10966383682197
DS-0025,Cuauhtémoc,19.43919174853688,-99.30213097765403,ninguno,19.43919174853688,-99.30213097765403
DS-0026,Álvaro Obregón,19.147319353925983,-99.20403225556869,ninguno,19.147319353925983,-99.20403225556869
DS-0027,Gustavo A. Madero,192.83360501863515,-98.96662832763961,tipazo_decimal,19.283360501863516,-98.96662832763961
DS-0028,Venustiano Carranza,19.071901882893616,-98.95181421096655,ninguno,19.071901882893616,-98.95181421096655
DS-0029,Iztapalapa,19.127144746033775,-99.04115804345817,ninguno,19.127144746033775,-99.04115804345817
DS-0030,Coyoacán,-99.22561539603169,19.39152447662123,coordenadas_invertidas,19.39152447662123,-99.22561539603169
DS-0031,Iztapalapa,19.422381077953908,-99.07493398033357,ninguno,19.422381077953908,-99.07493398033357
DS-0032,Miguel Hidalgo,19.533754866217105,-99.06783745380639,ninguno,19.533754866217105,-99.06783745380639
DS-0033,Cuauhtémoc,19.212912679069078,-99.19486332193453,ninguno,19.212912679069078,-99.19486332193453
DS-0034,Gustavo A. Madero,19.235229853017437,-99.09364454616554,ninguno,19.235229853017437,-99.09364454616554
DS-0035,Venustiano Carranza,19.284777905637906,-99.34570894200972,ninguno,19.284777905637906,-99.34570894200972
DS-0036,Azcapotzalco,19.144735679542144,-99.2663769365591,ninguno,19.144735679542144,-99.2663769365591
DS-0037,Iztapalapa,19.114960752667738,-99.1399646788131,ninguno,19.114960752667738,-99.1399646788131
DS-0038,Cuauhtémoc,19.28785246311297,-99.28449947829668,ninguno,19.28785246311297,-99.28449947829668
DS-0039,Venustiano Carranza,19.163454674525443,-99.28363725284939,ninguno,19.163454674525443,-99.28363725284939
DS-0040,Álvaro Obregón,19.384906997341258,-99.01547828377991,ninguno,19.384906997341258,-99.01547828377991
DS-0041,Benito Juárez,19.268575959436166,-98.95434679892657,ninguno,19.268575959436166,-98.95434679892657
DS-0042,Azcapotzalco,19.466339098028918,-99.12761222878862,ninguno,19.466339098028918,-99.12761222878862
DS-0043,Tlalpan,19.400132551001125,-99.01437210764732,ninguno,19.400132551001125,-99.01437210764732
DS-0044,Tlalpan,35.68810297795314,139.72648578368918,outlier_geografico,19.20618332069102,-98.9538713342695
DS-0045,Benito Juárez,19.466129900697602,-99.29336164457249,ninguno,19.466129900697602,-99.29336164457249
DS-0046,Venustiano Carranza,-99.17070175469826,19.4523821787484,coordenadas_invertidas,19.4523821787484,-99.17070175469826
DS-0047,Álvaro Obregón,19.24373918951509,-99.19297091366323,ninguno,19.24373918951509,-99.19297091366323
DS-0048,Iztapalapa,-99.31798028654153,19.194164051965124,coordenadas_invertidas,19.194164051965124,-99.31798028654153
DS-0049,Tlalpan,19.39124775198749,-99.0478679308821,ninguno,19.39124775198749,-99.0478679308821
DS-0050,Gustavo A. Madero,-99.17648838907095,19.119876241804654,coordenadas_invertidas,19.119876241804654,-99.17648838907095
DS-0051,Miguel Hidalgo,19.149954101237554,99.16226922632384,signo_longitud,19.149954101237554,-99.16226922632384
DS-0052,Coyoacán,19.053681134875504,-99.2897308104747,ninguno,19.053681134875504,-99.2897308104747
DS-0053,Coyoacán,19.44346218875107,-99.27762933910765,ninguno,19.44346218875107,-99.27762933910765
DS-0054,Venustiano Carranza,19.382425428296017,-98.98715855113751,ninguno,19.382425428296017,-98.98715855113751
DS-0055,Tlalpan,0.00699621560195567,-90.04082875537277,outlier_geografico,19.402582689313167,-99.33214036441028
DS-0056,Coyoacán,19.440364515510986,-99.25685908602252,ninguno,19.440364515510986,-99.25685908602252
DS-0057,Tlalpan,19.27945788776917,-99.23317626787419,ninguno,19.27945788776917,-99.23317626787419
DS-0058,Tlalpan,19.33437059797645,-99.15392098303937,ninguno,19.33437059797645,-99.15392098303937
DS-0059,Coyoacán,19.11989849906383,-99.11542193079408,ninguno,19.11989849906383,-99.11542193079408
DS-0060,Álvaro Obregón,19.107265036767988,-99.15268400965974,ninguno,19.107265036767988,-99.15268400965974
DS-0061,Azcapotzalco,19.384201480895236,-99.31635386617724,ninguno,19.384201480895236,-99.31635386617724
DS-0062,Iztapalapa,19.285548103071566,99.2525330183777,signo_longitud,19.285548103071566,-99.2525330183777
DS-0063,Miguel Hidalgo,19.332618053240594,-99.01256464609499,ninguno,19.332618053240594,-99.01256464609499
DS-0064,Tlalpan,19.432499428708013,-99.09496451980861,ninguno,19.432499428708013,-99.09496451980861
DS-0065,Iztapalapa,19.367359160000298,-99.09034037994628,ninguno,19.367359160000298,-99.09034037994628
DS-0066,Iztapalapa,19.326789700328998,-99.08191869785946,ninguno,19.326789700328998,-99.08191869785946
DS-0067,Tlalpan,19.32960358037271,-99.04483879238418,ninguno,19.32960358037271,-99.04483879238418
DS-0068,Venustiano Carranza,19.201975049031308,-99.32675660731141,ninguno,19.201975049031308,-99.32675660731141
DS-0069,Coyoacán,19.06540891728397,-99.20335664602695,ninguno,19.06540891728397,-99.20335664602695
DS-0070,Álvaro Obregón,19.268358694616182,-99.13418902589532,ninguno,19.268358694616182,-99.13418902589532
DS-0071,Miguel Hidalgo,19.157292336409764,-99.21461740668107,ninguno,19.157292336409764,-99.21461740668107
DS-0072,Gustavo A. Madero,19.25426432186232,-99.01220845068512,ninguno,19.25426432186232,-99.01220845068512
DS-0073,Álvaro Obregón,19.476701536634085,-99.15697099656508,ninguno,19.476701536634085,-99.15697099656508
DS-0074,Coyoacán,19.16696974293267,99.04254896421625,signo_longitud,19.16696974293267,-99.04254896421625
DS-0075,Gustavo A. Madero,19.079151370844535,-99.00919379324753,ninguno,19.079151370844535,-99.00919379324753
DS-0076,Álvaro Obregón,19.190691946011,-99.1480834068386,ninguno,19.190691946011,-99.1480834068386
DS-0077,Álvaro Obregón,-98.98617910245146,19.196796878883344,coordenadas_invertidas,19.196796878883344,-98.98617910245146
DS-0078,Álvaro Obregón,19.38095825736345,-99.11515042378521,ninguno,19.38095825736345,-99.11515042378521
DS-0079,Benito Juárez,19.32851607617064,-99.00989028046651,ninguno,19.32851607617064,-99.00989028046651
DS-0080,Miguel Hidalgo,19.441949104553206,99.21376368176338,signo_longitud,19.441949104553206,-99.21376368176338
DS-0081,Azcapotzalco,90.04713829006127,-99.17924974638622,outlier_geografico,19.382156770163693,-99.1504732165874
DS-0082,Cuauhtémoc,19.253193430720035,-99.13743558359816,ninguno,19.253193430720035,-99.13743558359816
DS-0083,Coyoacán,19.45701019233302,-99.30800811364156,ninguno,19.45701019233302,-99.30800811364156
DS-0084,Gustavo A. Madero,19.133486459953854,-99.19057899731938,ninguno,19.133486459953854,-99.19057899731938
DS-0085,Miguel Hidalgo,19.06135603656693,-98.98306493097934,ninguno,19.06135603656693,-98.98306493097934
DS-0086,Gustavo A. Madero,19.09502393038782,-99.0976671038541,ninguno,19.09502393038782,-99.0976671038541
DS-0087,Tlalpan,19.411179675298225,-99.27899736702521,ninguno,19.411179675298225,-99.27899736702521
DS-0088,Gustavo A. Madero,19.280938615125695,-99.21445774575615,ninguno,19.280938615125695,-99.21445774575615
DS-0089,Coyoacán,19.130635889516803,-99.27335879613491,ninguno,19.130635889516803,-99.27335879613491
DS-0090,Cuauhtémoc,19.300522387551684,-99.34007074728056,ninguno,19.300522387551684,-99.34007074728056
DS-0091,Azcapotzalco,19.126156051356585,-98.97901581659839,ninguno,19.126156051356585,-98.97901581659839
DS-0092,Coyoacán,19.39816018753887,-99.17071706869724,ninguno,19.39816018753887,-99.17071706869724
DS-0093,Azcapotzalco,19.273078137787017,99.22698597103168,signo_longitud,19.273078137787017,-99.22698597103168
DS-0094,Miguel Hidalgo,19.240510613048244,-99.1106091233769,ninguno,19.240510613048244,-99.1106091233769
DS-0095,Miguel Hidalgo,19.20075604457394,-99.34707421748278,ninguno,19.20075604457394,-99.34707421748278
DS-0096,Tlalpan,19.365141296559443,-99.23879115735967,ninguno,19.365141296559443,-99.23879115735967
DS-0097,Venustiano Carranza,19.230906305276697,-99.06878661372045,ninguno,19.230906305276697,-99.06878661372045
DS-0098,Azcapotzalco,19.09382495965805,-99.0964920907723,ninguno,19.09382495965805,-99.0964920907723
DS-0099,Tlalpan,19.10900295106026,-98.95727762098299,ninguno,19.10900295106026,-98.95727762098299
DS-0100,Benito Juárez,-0.011832941232595017,-90.08903690537818,outlier_geografico,19.53094883227476,-99.10185691613678
DS-0101,Venustiano Carranza,19.504290345353805,99.15899765054891,signo_longitud,19.504290345353805,-99.15899765054891
DS-0102,Gustavo A. Madero,19.399853566905374,99.0454269747264,signo_longitud,19.399853566905374,-99.0454269747264
DS-0103,Miguel Hidalgo,19.18293498072976,-98.98866885121438,ninguno,19.18293498072976,-98.98866885121438
DS-0104,Miguel Hidalgo,19.53458818867386,-99.06172162131266,ninguno,19.53458818867386,-99.06172162131266
DS-0105,Azcapotzalco,19.439375451982897,-98.96471551058025,ninguno,19.439375451982897,-98.96471551058025
DS-0106,Benito Juárez,19.4084450945795,-99.03719793170472,ninguno,19.4084450945795,-99.03719793170472
DS-0107,Tlalpan,19.274680751071894,-99.00327942469524,ninguno,19.274680751071894,-99.00327942469524
DS-0108,Miguel Hidalgo,19.18612078092258,-99.30435837152655,ninguno,19.18612078092258,-99.30435837152655
DS-0109,Benito Juárez,19.09819548107675,-99.05703459880249,ninguno,19.09819548107675,-99.05703459880249
DS-0110,Benito Juárez,19.50130119827192,-99.17396452018905,ninguno,19.50130119827192,-99.17396452018905
DS-0111,Benito Juárez,19.277888144916805,-99.12875847903548,ninguno,19.277888144916805,-99.12875847903548
DS-0112,Gustavo A. Madero,19.151181682397617,-99.08835903620705,ninguno,19.151181682397617,-99.08835903620705
DS-0113,Venustiano Carranza,19.202978312075327,-98.96207395331777,ninguno,19.202978312075327,-98.96207395331777
DS-0114,Venustiano Carranza,19.339609784470948,98.95616876742736,signo_longitud,19.339609784470948,-98.95616876742736
DS-0115,Tlalpan,19.138386391469616,-99.23470870180483,ninguno,19.138386391469616,-99.23470870180483
DS-0116,Benito Juárez,19.478307142046187,-99.05649860102483,ninguno,19.478307142046187,-99.05649860102483
DS-0117,Venustiano Carranza,194.29259764917606,-99.0500065848259,tipazo_decimal,19.429259764917607,-99.0500065848259
DS-0118,Iztapalapa,19.40973147797547,-99.21140285547477,ninguno,19.40973147797547,-99.21140285547477
DS-0119,Iztapalapa,19.266046519887553,-99.3004520900543,ninguno,19.266046519887553,-99.3004520900543
DS-0120,Tlalpan,89.96858144459402,-99.16643052426298,outlier_geografico,19.36365442035122,-99.33362121588571
DS-0121,Tlalpan,19.34204898445637,-99.03906274898833,ninguno,19.34204898445637,-99.03906274898833
DS-0122,Venustiano Carranza,19.37492330077741,-99.15412010327324,ninguno,19.37492330077741,-99.15412010327324
DS-0123,Iztapalapa,19.092222160569946,-98.95578393220204,ninguno,19.092222160569946,-98.95578393220204
DS-0124,Gustavo A. Madero,19.257903701085304,-99.16401061752254,ninguno,19.257903701085304,-99.16401061752254
DS-0125,Tlalpan,19.070807086930948,-98.95883320837046,ninguno,19.070807086930948,-98.95883320837046
DS-0126,Benito Juárez,19.29699540962226,-99.18536959912237,ninguno,19.29699540962226,-99.18536959912237
DS-0127,Coyoacán,19.214930606166394,-99.03252713977601,ninguno,19.214930606166394,-99.03252713977601
DS-0128,Gustavo A. Madero,19.122262094433026,-99.31607229107526,ninguno,19.122262094433026,-99.31607229107526
DS-0129,Cuauhtémoc,19.101701483861277,-99.1278153159449,ninguno,19.101701483861277,-99.1278153159449
DS-0130,Coyoacán,-99.0291760852057,19.343822286088855,coordenadas_invertidas,19.343822286088855,-99.0291760852057
DS-0131,Tlalpan,-98.98011933311204,19.135296484268444,coordenadas_invertidas,19.135296484268444,-98.98011933311204
DS-0132,Venustiano Carranza,19.5125600591884,-99.02096676375302,ninguno,19.5125600591884,-99.02096676375302
DS-0133,Iztapalapa,19.3405305698502,-99.33521170911952,ninguno,19.3405305698502,-99.33521170911952
DS-0134,Coyoacán,19.22343490226742,-99.2009190634773,ninguno,19.22343490226742,-99.2009190634773
DS-0135,Álvaro Obregón,19.34545774574071,-99.33052061107445,ninguno,19.34545774574071,-99.33052061107445
DS-0136,Gustavo A. Madero,19.061401935514848,-99.30628708355417,ninguno,19.061401935514848,-99.30628708355417
DS-0137,Iztapalapa,19.529279606620722,-99.07987774853301,ninguno,19.529279606620722,-99.07987774853301
DS-0138,Cuauhtémoc,0.0,0.0,ceros,19.29115171847145,-99.06469672147531
DS-0139,Iztapalapa,19.441367613625143,-99.04051172689935,ninguno,19.441367613625143,-99.04051172689935
DS-0140,Álvaro Obregón,19.09136499996122,-99.00381738077773,ninguno,19.09136499996122,-99.00381738077773
DS-0141,Tlalpan,19.29332916541908,-99.0542274126094,ninguno,19.29332916541908,-99.0542274126094
DS-0142,Azcapotzalco,0.0,0.0,ceros,19.29535349717726,-99.02965136315734
DS-0143,Venustiano Carranza,19.51891322748749,-99.33041451607069,ninguno,19.51891322748749,-99.33041451607069
DS-0144,Gustavo A. Madero,19.335864026188037,-99.25618593982348,ninguno,19.335864026188037,-99.25618593982348
DS-0145,Coyoacán,19.286744700528477,-99.1012408906499,ninguno,19.286744700528477,-99.1012408906499
DS-0146,Álvaro Obregón,19.183487831545946,-99.00674987815007,ninguno,19.183487831545946,-99.00674987815007
DS-0147,Miguel Hidalgo,40.72728632899008,-73.94051889973562,outlier_geografico,19.215784498671276,-99.34819995002412
DS-0148,Venustiano Carranza,19.31033620123577,-99.14414826315345,ninguno,19.31033620123577,-99.14414826315345
DS-0149,Azcapotzalco,,,nulos,19.269455730152526,-99.07908504025424
DS-0150,Azcapotzalco,19.060806039940164,-99.33815708434855,ninguno,19.060806039940164,-99.33815708434855
DS-0151,Coyoacán,19.46314596209718,-99.18945777697864,ninguno,19.46314596209718,-99.18945777697864
DS-0152,Coyoacán,19.498080385919884,-98.99174604744653,ninguno,19.498080385919884,-98.99174604744653
DS-0153,Azcapotzalco,19.120124544499305,-99.08135487645765,ninguno,19.120124544499305,-99.08135487645765
DS-0154,Iztapalapa,0.0,0.0,ceros,19.327018071769526,-99.25493665465575
DS-0155,Tlalpan,19.104287870567724,-99.00888754814724,ninguno,19.104287870567724,-99.00888754814724
DS-0156,Álvaro Obregón,19.386120046519906,-99.21078743063619,ninguno,19.386120046519906,-99.21078743063619
DS-0157,Álvaro Obregón,19.190616891919504,99.00866213154238,signo_longitud,19.190616891919504,-99.00866213154238
DS-0158,Gustavo A. Madero,19.37971131734595,-99.23042253955244,ninguno,19.37971131734595,-99.23042253955244
DS-0159,Azcapotzalco,19.41349730714344,-99.11387189964674,ninguno,19.41349730714344,-99.11387189964674
DS-0160,Coyoacán,19.434323745958828,-99.19122397290086,ninguno,19.434323745958828,-99.19122397290086
DS-0161,Azcapotzalco,19.10387047297795,-99.24006997969796,ninguno,19.10387047297795,-99.24006997969796
DS-0162,Benito Juárez,19.508005922568806,-98.99537697513125,ninguno,19.508005922568806,-98.99537697513125
DS-0163,Álvaro Obregón,19.16510699544744,-99.2749625272242,ninguno,19.16510699544744,-99.2749625272242
DS-0164,Venustiano Carranza,-99.31607536350569,19.06870627808809,coordenadas_invertidas,19.06870627808809,-99.31607536350569
DS-0165,Venustiano Carranza,19.327426234695743,-99.21322922458174,ninguno,19.327426234695743,-99.21322922458174
DS-0166,Venustiano Carranza,19.23546114193122,-99.06294434094337,ninguno,19.23546114193122,-99.06294434094337
DS-0167,Coyoacán,35.64484654595511,139.68403169003616,outlier_geografico,19.46489487156621,-99.02702735760948
DS-0168,Azcapotzalco,19.45412573603215,-98.9505026519733,ninguno,19.45412573603215,-98.9505026519733
DS-0169,Venustiano Carranza,19.20856944641136,-99.23145517719553,ninguno,19.20856944641136,-99.23145517719553
DS-0170,Venustiano Carranza,19.526449697534872,-99.18682321954749,ninguno,19.526449697534872,-99.18682321954749
DS-0171,Cuauhtémoc,19.19545891907006,-99.29527148878815,ninguno,19.19545891907006,-99.29527148878815
DS-0172,Tlalpan,19.307528564615858,-99.12005122815079,ninguno,19.307528564615858,-99.12005122815079
DS-0173,Venustiano Carranza,19.1779825452838,-98.95096798509483,ninguno,19.1779825452838,-98.95096798509483
DS-0174,Tlalpan,19.518021785024484,-99.06964759595174,ninguno,19.518021785024484,-99.06964759595174
DS-0175,Benito Juárez,19.13230390879101,-99.11191486383466,ninguno,19.13230390879101,-99.11191486383466
DS-0176,Tlalpan,19.072455309696164,-99.19305236283128,ninguno,19.072455309696164,-99.19305236283128
DS-0177,Miguel Hidalgo,19.26754853000152,-98.98388049588578,ninguno,19.26754853000152,-98.98388049588578
DS-0178,Álvaro Obregón,19.546187782027918,-99.15123336154785,ninguno,19.546187782027918,-99.15123336154785
DS-0179,Gustavo A. Madero,19.49583863312746,-99.29625323467477,ninguno,19.49583863312746,-99.29625323467477
DS-0180,Álvaro Obregón,-99.20384861472034,19.424304009728477,coordenadas_invertidas,19.424304009728477,-99.20384861472034
DS-0181,Gustavo A. Madero,19.495396245439263,-99.32313333246088,ninguno,19.495396245439263,-99.32313333246088
DS-0182,Benito Juárez,19.496723319848932,-99.26920838492448,ninguno,19.496723319848932,-99.26920838492448
DS-0183,Gustavo A. Madero,19.309429180193224,-99.34293248760002,ninguno,19.309429180193224,-99.34293248760002
DS-0184,Gustavo A. Madero,19.207964525915397,-99.16868803339993,ninguno,19.207964525915397,-99.16868803339993
DS-0185,Gustavo A. Madero,19.436006216055496,-99.09618389401928,ninguno,19.436006216055496,-99.09618389401928
DS-0186,Benito Juárez,19.38083063158388,-99.21268301504844,ninguno,19.38083063158388,-99.21268301504844
DS-0187,Coyoacán,19.236828864436855,-99.18184729139789,ninguno,19.236828864436855,-99.18184729139789
DS-0188,Benito Juárez,-98.96631629086217,19.097233334030758,coordenadas_invertidas,19.097233334030758,-98.96631629086217
DS-0189,Álvaro Obregón,-99.04921475137003,19.423394805674512,coordenadas_invertidas,19.423394805674512,-99.04921475137003
DS-0190,Iztapalapa,19.181230257961435,99.13365734522202,signo_longitud,19.181230257961435,-99.13365734522202
DS-0191,Coyoacán,19.51840657526689,-99.23618364995527,ninguno,19.51840657526689,-99.23618364995527
DS-0192,Álvaro Obregón,19.170485287502842,-98.9912012804908,ninguno,19.170485287502842,-98.9912012804908
DS-0193,Benito Juárez,19.111378966205745,-99.25596115324774,ninguno,19.111378966205745,-99.25596115324774
DS-0194,Benito Juárez,19.465556336062456,-99.21986290779333,ninguno,19.465556336062456,-99.21986290779333
DS-0195,Gustavo A. Madero,-98.98637407423082,19.126642158312247,coordenadas_invertidas,19.126642158312247,-98.98637407423082
DS-0196,Azcapotzalco,-99.13818317788596,19.13963415407887,coordenadas_invertidas,19.13963415407887,-99.13818317788596
DS-0197,Benito Juárez,19.349691395760424,-99.05307282023281,ninguno,19.349691395760424,-99.05307282023281
DS-0198,Azcapotzalco,-99.1137020823345,19.487281020418735,coordenadas_invertidas,19.487281020418735,-99.1137020823345
DS-0199,Iztapalapa,19.148217332857286,-99.0886243163962,ninguno,19.148217332857286,-99.0886243163962
DS-0200,Miguel Hidalgo,-99.23024668339407,19.20516183645005,coordenadas_invertidas,19.20516183645005,-99.23024668339407
DS-0201,Coyoacán,19.438702419120588,-99.25345117534933,ninguno,19.438702419120588,-99.25345117534933
DS-0202,Cuauhtémoc,19.535913213030483,-99.22100306113254,ninguno,19.535913213030483,-99.22100306113254
DS-0203,Cuauhtémoc,19.30037059310117,-99.28782337436662,ninguno,19.30037059310117,-99.28782337436662
DS-0204,Coyoacán,19.121948751275625,99.00027425388367,signo_longitud,19.121948751275625,-99.00027425388367
DS-0205,Álvaro Obregón,19.056968143854103,-99.23670122669995,ninguno,19.056968143854103,-99.23670122669995
DS-0206,Tlalpan,19.16482801499943,-99.12540424223424,ninguno,19.16482801499943,-99.12540424223424
DS-0207,Miguel Hidalgo,19.11591110889326,-99.03321022994345,ninguno,19.11591110889326,-99.03321022994345
DS-0208,Azcapotzalco,-99.03647035624972,19.38882933680643,coordenadas_invertidas,19.38882933680643,-99.03647035624972
DS-0209,Benito Juárez,19.110916252314265,-99.17464549656633,ninguno,19.110916252314265,-99.17464549656633
DS-0210,Miguel Hidalgo,,,nulos,19.303164965810318,-99.1594970765653
DS-0211,Gustavo A. Madero,19.397131217821443,-98.95211930042599,ninguno,19.397131217821443,-98.95211930042599
DS-0212,Tlalpan,,,nulos,19.34055830461045,-99.0801610092084
DS-0213,Gustavo A. Madero,-99.02414462275284,19.149887825830028,coordenadas_invertidas,19.149887825830028,-99.02414462275284
DS-0214,Miguel Hidalgo,19.452062263091133,-98.9889784123123,ninguno,19.452062263091133,-98.9889784123123
DS-0215,Miguel Hidalgo,19.407703564807903,-99.03496406550826,ninguno,19.407703564807903,-99.03496406550826
DS-0216,Coyoacán,,,nulos,19.41949200195777,-99.27592826201857
DS-0217,Álvaro Obregón,19.115528875778658,-99.12513170650497,ninguno,19.115528875778658,-99.12513170650497
DS-0218,Venustiano Carranza,19.111876901825173,-99.30924233707418,ninguno,19.111876901825173,-99.30924233707418
DS-0219,Benito Juárez,19.513781275503256,-99.0888311493744,ninguno,19.513781275503256,-99.0888311493744
DS-0220,Miguel Hidalgo,192.48789096912472,-98.96786022872487,tipazo_decimal,19.24878909691247,-98.96786022872487
DS-0221,Venustiano Carranza,19.20047434589047,-99.14490717427995,ninguno,19.20047434589047,-99.14490717427995
DS-0222,Miguel Hidalgo,19.294292022675766,-99.17681100285289,ninguno,19.294292022675766,-99.17681100285289
DS-0223,Cuauhtémoc,0.05143904598727547,-90.11070936855215,outlier_geografico,19.38143210638179,-99.33566289943273
DS-0224,Álvaro Obregón,19.527811628523487,-98.96609019106832,ninguno,19.527811628523487,-98.96609019106832
DS-0225,Álvaro Obregón,19.19322311344103,-99.30879892634793,ninguno,19.19322311344103,-99.30879892634793
DS-0226,Gustavo A. Madero,19.407223607749827,-180.0693221126635,outlier_geografico,19.512404214656016,-99.33356836267805
DS-0227,Azcapotzalco,19.06242974569313,-99.25157335539802,ninguno,19.06242974569313,-99.25157335539802
DS-0228,Venustiano Carranza,-33.457651293810315,-70.63248987519867,outlier_geografico,19.32759902116341,-99.32378782643264
DS-0229,Benito Juárez,193.6698755584054,-99.1679528630353,tipazo_decimal,19.36698755584054,-99.1679528630353
DS-0230,Venustiano Carranza,19.102948701875377,-99.14356487949715,ninguno,19.102948701875377,-99.14356487949715
DS-0231,Gustavo A. Madero,19.120169798531958,-99.22497202038856,ninguno,19.120169798531958,-99.22497202038856
DS-0232,Cuauhtémoc,19.259557159658154,-99.32961580697004,ninguno,19.259557159658154,-99.32961580697004
DS-0233,Venustiano Carranza,19.53311595607159,-99.3053598527003,ninguno,19.53311595607159,-99.3053598527003
DS-0234,Miguel Hidalgo,19.34802127661719,-99.19619824880402,ninguno,19.34802127661719,-99.19619824880402
DS-0235,Iztapalapa,19.516511610800105,-99.32578861966938,ninguno,19.516511610800105,-99.32578861966938
DS-0236,Tlalpan,19.452180457806485,-99.07072410975603,ninguno,19.452180457806485,-99.07072410975603
DS-0237,Benito Juárez,192.83690800777646,-99.26719178339007,tipazo_decimal,19.283690800777645,-99.26719178339007
DS-0238,Benito Juárez,25.606880535057144,-100.30852882122075,outlier_geografico,19.442381724626095,-99.22917137248655
DS-0239,Álvaro Obregón,19.058918391988495,99.19234968912876,signo_longitud,19.058918391988495,-99.19234968912876
DS-0240,Azcapotzalco,191.0457199838287,-99.18335614677234,tipazo_decimal,19.10457199838287,-99.18335614677234
DS-0241,Benito Juárez,19.46471430744137,-99.34933571693007,ninguno,19.46471430744137,-99.34933571693007
DS-0242,Gustavo A. Madero,-99.30517185160052,19.448408544162582,coordenadas_invertidas,19.448408544162582,-99.30517185160052
DS-0243,Álvaro Obregón,19.166320370983218,-99.00489417450365,ninguno,19.166320370983218,-99.00489417450365
DS-0244,Miguel Hidalgo,19.31538479529953,-99.34950677499523,ninguno,19.31538479529953,-99.34950677499523
DS-0245,Tlalpan,19.353007910350005,-99.14673305767485,ninguno,19.353007910350005,-99.14673305767485
DS-0246,Azcapotzalco,-99.15419919739712,19.483869476888007,coordenadas_invertidas,19.483869476888007,-99.15419919739712
DS-0247,Iztapalapa,-99.21676233559575,19.351553578669364,coordenadas_invertidas,19.351553578669364,-99.21676233559575
DS-0248,Miguel Hidalgo,192.56285784636842,-99.17746919194141,tipazo_decimal,19.25628578463684,-99.17746919194141
DS-0249,Miguel Hidalgo,19.237092021703592,-99.03776754498936,ninguno,19.237092021703592,-99.03776754498936
DS-0250,Álvaro Obregón,19.262941043186757,-99.01351851751402,ninguno,19.262941043186757,-99.01351851751402
DS-0251,Iztapalapa,19.37596551278999,-99.2458605826339,ninguno,19.37596551278999,-99.2458605826339
DS-0252,Iztapalapa,19.483745315876163,-99.2210038236129,ninguno,19.483745315876163,-99.2210038236129
DS-0253,Benito Juárez,19.27694844103815,-99.25300685878867,ninguno,19.27694844103815,-99.25300685878867
DS-0254,Iztapalapa,19.17391978147568,-99.15805463977958,ninguno,19.17391978147568,-99.15805463977958
DS-0255,Benito Juárez,19.16833118149879,-99.07669665693648,ninguno,19.16833118149879,-99.07669665693648
DS-0256,Gustavo A. Madero,19.423007140121722,-99.25869884981462,ninguno,19.423007140121722,-99.25869884981462
DS-0257,Tlalpan,19.458284381711955,-99.21770570317805,ninguno,19.458284381711955,-99.21770570317805
DS-0258,Gustavo A. Madero,19.102639039927062,98.97784615296435,signo_longitud,19.102639039927062,-98.97784615296435
DS-0259,Cuauhtémoc,190.8327942847759,-99.3305722840612,tipazo_decimal,19.08327942847759,-99.3305722840612
DS-0260,Venustiano Carranza,19.347216831878228,-99.16569215790418,ninguno,19.347216831878228,-99.16569215790418
DS-0261,Cuauhtémoc,-99.06537678336129,19.12308662209635,coordenadas_invertidas,19.12308662209635,-99.06537678336129
DS-0262,Venustiano Carranza,19.46233209522817,-99.28981839537701,ninguno,19.46233209522817,-99.28981839537701
DS-0263,Cuauhtémoc,-99.3310503919978,19.205167336962038,coordenadas_invertidas,19.205167336962038,-99.3310503919978
DS-0264,Iztapalapa,19.121935966485573,-99.29471785134459,ninguno,19.121935966485573,-99.29471785134459
DS-0265,Miguel Hidalgo,19.510485236243724,-98.98247072258773,ninguno,19.510485236243724,-98.98247072258773
DS-0266,Cuauhtémoc,19.13276586136764,-99.34629608727154,ninguno,19.13276586136764,-99.34629608727154
DS-0267,Gustavo A. Madero,-99.27467121007545,19.192360041168968,coordenadas_invertidas,19.192360041168968,-99.27467121007545
DS-0268,Tlalpan,19.12680669759603,-99.33748659483933,ninguno,19.12680669759603,-99.33748659483933
DS-0269,Miguel Hidalgo,19.10774503183268,-99.30574821297512,ninguno,19.10774503183268,-99.30574821297512
DS-0270,Venustiano Carranza,19.06057400816822,-99.10194028534868,ninguno,19.06057400816822,-99.10194028534868
DS-0271,Coyoacán,19.077697704582132,-99.25334443650436,ninguno,19.077697704582132,-99.25334443650436
DS-0272,Coyoacán,19.137320735467927,-99.12231517982772,ninguno,19.137320735467927,-99.12231517982772
DS-0273,Benito Juárez,,,nulos,19.07669096631359,-99.11392184689355
DS-0274,Álvaro Obregón,19.345571908055486,-99.01022586676409,ninguno,19.345571908055486,-99.01022586676409
DS-0275,Miguel Hidalgo,0.0,0.0,ceros,19.390357263399753,-99.34810344283524
DS-0276,Álvaro Obregón,19.246815228416015,-99.00865221626306,ninguno,19.246815228416015,-99.00865221626306
DS-0277,Benito Juárez,19.208995548476025,-99.10235236542921,ninguno,19.208995548476025,-99.10235236542921
DS-0278,Cuauhtémoc,19.302263118511117,-99.28490260555802,ninguno,19.302263118511117,-99.28490260555802
DS-0279,Coyoacán,19.487502471117306,-99.04082504474589,ninguno,19.487502471117306,-99.04082504474589
DS-0280,Gustavo A. Madero,-0.03647885970678232,-89.98110145010027,outlier_geografico,19.475565813411105,-99.00780338328377
DS-0281,Tlalpan,19.071737531006395,-99.24829460649833,ninguno,19.071737531006395,-99.24829460649833
DS-0282,Coyoacán,19.14074920479826,-98.98248252763894,ninguno,19.14074920479826,-98.98248252763894
DS-0283,Coyoacán,191.683724355522,-99.16821702788053,tipazo_decimal,19.1683724355522,-99.16821702788053
DS-0284,Tlalpan,19.174693787916105,-99.10863021826667,ninguno,19.174693787916105,-99.10863021826667
DS-0285,Gustavo A. Madero,19.33561632587139,-98.95614018655294,ninguno,19.33561632587139,-98.95614018655294
DS-0286,Azcapotzalco,19.42935306159482,-180.0726799639966,outlier_geografico,19.2581312128516,-99.20538556854432
DS-0287,Venustiano Carranza,190.746270599638,-99.02473626167196,tipazo_decimal,19.0746270599638,-99.02473626167196
DS-0288,Azcapotzalco,19.236807069229787,-99.22264035286861,ninguno,19.236807069229787,-99.22264035286861
DS-0289,Venustiano Carranza,19.31187647435882,-99.0303145911034,ninguno,19.31187647435882,-99.0303145911034
DS-0290,Álvaro Obregón,19.10083595145186,-99.10970643245494,ninguno,19.10083595145186,-99.10970643245494
DS-0291,Coyoacán,19.46672927689428,-99.26345772190983,ninguno,19.46672927689428,-99.26345772190983
DS-0292,Coyoacán,19.075980933232554,-99.1843895624843,ninguno,19.075980933232554,-99.1843895624843
DS-0293,Benito Juárez,19.51242093450903,99.22294574625457,signo_longitud,19.51242093450903,-99.22294574625457
DS-0294,Tlalpan,19.09955657078994,-99.31875664276785,ninguno,19.09955657078994,-99.31875664276785
DS-0295,Tlalpan,0.0,0.0,ceros,19.471787475798877,-99.33806609196012
DS-0296,Azcapotzalco,19.50132657196381,-99.21140853783713,ninguno,19.50132657196381,-99.21140853783713
DS-0297,Miguel Hidalgo,19.539785340293296,-99.342386340873,ninguno,19.539785340293296,-99.342386340873
DS-0298,Álvaro Obregón,19.4510129401368,-99.28380489696728,ninguno,19.4510129401368,-99.28380489696728
DS-0299,Benito Juárez,19.439738770385667,-99.05992667165965,ninguno,19.439738770385667,-99.05992667165965
DS-0300,Azcapotzalco,19.371241637997773,-99.06676350572657,ninguno,19.371241637997773,-99.06676350572657
DS-0301,Benito Juárez,19.439498177289064,-99.05456784541705,ninguno,19.439498177289064,-99.05456784541705
DS-0302,Miguel Hidalgo,19.117276104206574,-99.223138731548,ninguno,19.117276104206574,-99.223138731548
DS-0303,Iztapalapa,19.31803401797382,-98.99399221715292,ninguno,19.31803401797382,-98.99399221715292
DS-0304,Azcapotzalco,19.30711143509521,-99.11246778078862,ninguno,19.30711143509521,-99.11246778078862
DS-0305,Venustiano Carranza,19.47878607206128,-99.29958946330134,ninguno,19.47878607206128,-99.29958946330134
DS-0306,Cuauhtémoc,19.28139968279676,-99.29251253541779,ninguno,19.28139968279676,-99.29251253541779
DS-0307,Coyoacán,19.24254474805018,-99.07276182922811,ninguno,19.24254474805018,-99.07276182922811
DS-0308,Miguel Hidalgo,19.369781635618555,-99.28082242542317,ninguno,19.369781635618555,-99.28082242542317
DS-0309,Coyoacán,-99.14708291936718,19.183231658750422,coordenadas_invertidas,19.183231658750422,-99.14708291936718
DS-0310,Iztapalapa,19.11988420547698,-98.95329020962852,ninguno,19.11988420547698,-98.95329020962852
DS-0311,Benito Juárez,19.288938637011874,-99.34839695810666,ninguno,19.288938637011874,-99.34839695810666
DS-0312,Cuauhtémoc,19.258444684297444,-99.34336807924097,ninguno,19.258444684297444,-99.34336807924097
DS-0313,Iztapalapa,,,nulos,19.16628497026444,-98.95276616722781
DS-0314,Cuauhtémoc,25.59950151484581,-100.31869188500474,outlier_geografico,19.233755905057563,-99.11614446634633
DS-0315,Benito Juárez,19.233196224913126,-99.2992360097926,ninguno,19.233196224913126,-99.2992360097926
DS-0316,Cuauhtémoc,19.213747782206273,-98.99107912009836,ninguno,19.213747782206273,-98.99107912009836
DS-0317,Cuauhtémoc,19.239732039863465,-98.99784787994892,ninguno,19.239732039863465,-98.99784787994892
DS-0318,Álvaro Obregón,19.392871672727974,-99.13551983475544,ninguno,19.392871672727974,-99.13551983475544
DS-0319,Azcapotzalco,19.198438237285643,-99.1012831880557,ninguno,19.198438237285643,-99.1012831880557
DS-0320,Tlalpan,19.52442896335767,-99.24072512339964,ninguno,19.52442896335767,-99.24072512339964
DS-0321,Cuauhtémoc,19.50817400976909,99.32979212145119,signo_longitud,19.50817400976909,-99.32979212145119
DS-0322,Cuauhtémoc,19.29045521415004,-99.11217295644366,ninguno,19.29045521415004,-99.11217295644366
DS-0323,Coyoacán,19.214180602502346,-99.23209792271889,ninguno,19.214180602502346,-99.23209792271889
DS-0324,Gustavo A. Madero,19.317717394915004,-99.08455158133586,ninguno,19.317717394915004,-99.08455158133586
DS-0325,Tlalpan,19.47428024438681,-99.01550192926297,ninguno,19.47428024438681,-99.01550192926297
DS-0326,Azcapotzalco,19.376293670280052,-99.34273578243425,ninguno,19.376293670280052,-99.34273578243425
DS-0327,Coyoacán,19.45219591397354,-99.1117144901257,ninguno,19.45219591397354,-99.1117144901257
DS-0328,Miguel Hidalgo,19.31636113803287,-99.25748778412526,ninguno,19.31636113803287,-99.25748778412526
DS-0329,Cuauhtémoc,19.34895432408459,-0.1172171654209437,outlier_geografico,19.366458814633813,-99.00044460083848
DS-0330,Miguel Hidalgo,19.194077807091233,-99.24853419737526,ninguno,19.194077807091233,-99.24853419737526
DS-0331,Cuauhtémoc,19.417446581155147,-99.10569194670583,ninguno,19.417446581155147,-99.10569194670583
DS-0332,Azcapotzalco,191.5120229656286,-99.12858366396415,tipazo_decimal,19.15120229656286,-99.12858366396415
DS-0333,Benito Juárez,19.39739906440925,-99.1915333999763,ninguno,19.39739906440925,-99.1915333999763
DS-0334,Azcapotzalco,19.480359534162947,-99.07895169456009,ninguno,19.480359534162947,-99.07895169456009
DS-0335,Iztapalapa,19.116051418650773,-99.05969214611383,ninguno,19.116051418650773,-99.05969214611383
DS-0336,Iztapalapa,19.35718987027096,-99.12322488187225,ninguno,19.35718987027096,-99.12322488187225
DS-0337,Álvaro Obregón,19.09754787411497,-99.0466311051261,ninguno,19.09754787411497,-99.0466311051261
DS-0338,Azcapotzalco,19.412857814135712,-98.95663316960282,ninguno,19.412857814135712,-98.95663316960282
DS-0339,Cuauhtémoc,19.09224660941176,-99.18229104483967,ninguno,19.09224660941176,-99.18229104483967
DS-0340,Cuauhtémoc,19.517969911350313,-99.14416677924578,ninguno,19.517969911350313,-99.14416677924578
DS-0341,Álvaro Obregón,19.118703965018902,-99.3450120488235,ninguno,19.118703965018902,-99.3450120488235
DS-0342,Coyoacán,25.66270947709556,-100.32960198979355,outlier_geografico,19.52944012295454,-99.03158857747584
DS-0343,Iztapalapa,19.45044208804255,-99.1419079731816,ninguno,19.45044208804255,-99.1419079731816
DS-0344,Tlalpan,-99.18681542785578,19.346841002233177,coordenadas_invertidas,19.346841002233177,-99.18681542785578
DS-0345,Iztapalapa,19.441312052314775,-99.31237121476424,ninguno,19.441312052314775,-99.31237121476424
DS-0346,Benito Juárez,19.447557419491545,-98.99413743132985,ninguno,19.447557419491545,-98.99413743132985
DS-0347,Coyoacán,19.523013531408665,-99.19199710398378,ninguno,19.523013531408665,-99.19199710398378
DS-0348,Tlalpan,19.176691676919596,-99.07696736071631,ninguno,19.176691676919596,-99.07696736071631
DS-0349,Benito Juárez,19.345037947679156,-99.29025033745273,ninguno,19.345037947679156,-99.29025033745273
DS-0350,Iztapalapa,19.0975245987822,-98.96538014818358,ninguno,19.0975245987822,-98.96538014818358
DS-0351,Iztapalapa,19.35808285001206,-99.27862329527126,ninguno,19.35808285001206,-99.27862329527126
DS-0352,Tlalpan,0.0,0.0,ceros,19.135645652046396,-99.2701832028402
DS-0353,Tlalpan,19.468576662988095,-179.9595439344505,outlier_geografico,19.33247530573622,-99.00640685577692
DS-0354,Álvaro Obregón,19.336215257016924,-98.98496690234323,ninguno,19.336215257016924,-98.98496690234323
DS-0355,Coyoacán,19.282992576490614,-99.26514103699067,ninguno,19.282992576490614,-99.26514103699067
DS-0356,Coyoacán,19.311315887756564,-99.16207964473007,ninguno,19.311315887756564,-99.16207964473007
DS-0357,Álvaro Obregón,19.431961695003295,-99.05660203817487,ninguno,19.431961695003295,-99.05660203817487
DS-0358,Benito Juárez,19.449622358256033,-98.99865370647568,ninguno,19.449622358256033,-98.99865370647568
DS-0359,Gustavo A. Madero,19.296076607787715,-99.19837892198508,ninguno,19.296076607787715,-99.19837892198508
DS-0360,Benito Juárez,19.349796720761308,-99.14319220526022,ninguno,19.349796720761308,-99.14319220526022
DS-0361,Gustavo A. Madero,-99.0533134357921,19.51561811784505,coordenadas_invertidas,19.51561811784505,-99.0533134357921
DS-0362,Tlalpan,19.10986679425056,99.05754560933889,signo_longitud,19.10986679425056,-99.05754560933889
DS-0363,Venustiano Carranza,19.108551782950055,-99.03681594798957,ninguno,19.108551782950055,-99.03681594798957
DS-0364,Miguel Hidalgo,19.093854505955385,-99.12202647254338,ninguno,19.093854505955385,-99.12202647254338
DS-0365,Tlalpan,19.378931642520264,-99.30815396127808,ninguno,19.378931642520264,-99.30815396127808
DS-0366,Cuauhtémoc,-98.98841068364878,19.25930415039519,coordenadas_invertidas,19.25930415039519,-98.98841068364878
DS-0367,Coyoacán,19.437160708070923,-99.0037709842716,ninguno,19.437160708070923,-99.0037709842716
DS-0368,Miguel Hidalgo,19.35064508496009,0.0012564355608016674,outlier_geografico,19.385615706654296,-99.03076102567267
DS-0369,Miguel Hidalgo,19.21681887916412,-99.31005500913571,ninguno,19.21681887916412,-99.31005500913571
DS-0370,Miguel Hidalgo,19.499183273680767,-99.26824105316743,ninguno,19.499183273680767,-99.26824105316743
DS-0371,Cuauhtémoc,19.431266073535326,-99.05255985395694,ninguno,19.431266073535326,-99.05255985395694
DS-0372,Azcapotzalco,19.185267470455088,-99.34074396216721,ninguno,19.185267470455088,-99.34074396216721
DS-0373,Cuauhtémoc,19.232096008886028,98.95831014651709,signo_longitud,19.232096008886028,-98.95831014651709
DS-0374,Coyoacán,19.207219990102132,-99.19914212785773,ninguno,19.207219990102132,-99.19914212785773
DS-0375,Gustavo A. Madero,19.1288058243125,-99.06227498652368,ninguno,19.1288058243125,-99.06227498652368
DS-0376,Venustiano Carranza,19.123891686271097,-98.99497156460478,ninguno,19.123891686271097,-98.99497156460478
DS-0377,Azcapotzalco,-33.481740658198575,-70.71817368998961,outlier_geografico,19.518063731687874,-99.19214804473997
DS-0378,Miguel Hidalgo,19.26895201859938,-99.22234700456013,ninguno,19.26895201859938,-99.22234700456013
DS-0379,Venustiano Carranza,19.241659911388705,-99.1065035484407,ninguno,19.241659911388705,-99.1065035484407
DS-0380,Gustavo A. Madero,19.41484285433869,-99.11760425050078,ninguno,19.41484285433869,-99.11760425050078
DS-0381,Miguel Hidalgo,19.32649653262645,-99.18634400895007,ninguno,19.32649653262645,-99.18634400895007
DS-0382,Álvaro Obregón,19.518069993419232,-99.10929009765292,ninguno,19.518069993419232,-99.10929009765292
DS-0383,Venustiano Carranza,0.0,0.0,ceros,19.440150746954696,-98.97584745217341
DS-0384,Coyoacán,19.28968478206227,-99.16294389734936,ninguno,19.28968478206227,-99.16294389734936
DS-0385,Miguel Hidalgo,19.238179736740413,-99.27130312769974,ninguno,19.238179736740413,-99.27130312769974
DS-0386,Azcapotzalco,19.54331577246216,-99.1991176068468,ninguno,19.54331577246216,-99.1991176068468
DS-0387,Venustiano Carranza,19.40888011800182,-99.19235720696275,ninguno,19.40888011800182,-99.19235720696275
DS-0388,Venustiano Carranza,19.525597330001922,-99.2975565227895,ninguno,19.525597330001922,-99.2975565227895
DS-0389,Venustiano Carranza,19.10923928860852,-99.28485139977818,ninguno,19.10923928860852,-99.28485139977818
DS-0390,Azcapotzalco,-99.07617517064253,19.475266839595392,coordenadas_invertidas,19.475266839595392,-99.07617517064253
DS-0391,Álvaro Obregón,-99.21420889831644,19.368536941995604,coordenadas_invertidas,19.368536941995604,-99.21420889831644
DS-0392,Miguel Hidalgo,19.110960839167557,-98.96804064325768,ninguno,19.110960839167557,-98.96804064325768
DS-0393,Gustavo A. Madero,19.344128999984612,-99.25256130185656,ninguno,19.344128999984612,-99.25256130185656
DS-0394,Benito Juárez,19.393048182552725,-99.31043019795807,ninguno,19.393048182552725,-99.31043019795807
DS-0395,Álvaro Obregón,19.056151342944304,-99.04859817479989,ninguno,19.056151342944304,-99.04859817479989
DS-0396,Gustavo A. Madero,19.277158980920873,-98.99758557923285,ninguno,19.277158980920873,-98.99758557923285
DS-0397,Venustiano Carranza,19.462699755598162,-99.2387546572514,ninguno,19.462699755598162,-99.2387546572514
DS-0398,Benito Juárez,19.197679512672046,-99.2691647593418,ninguno,19.197679512672046,-99.2691647593418
DS-0399,Benito Juárez,19.279274040899278,99.27569354605156,signo_longitud,19.279274040899278,-99.27569354605156
DS-0400,Tlalpan,40.65265839589163,-74.04701106044628,outlier_geografico,19.27115706353395,-99.1411950794534
DS-0401,Cuauhtémoc,19.200963695721246,-99.16263334350128,ninguno,19.200963695721246,-99.16263334350128
DS-0402,Iztapalapa,19.50922094775778,-99.24622406405818,ninguno,19.50922094775778,-99.24622406405818
DS-0403,Tlalpan,19.440647017715758,-99.33193075320422,ninguno,19.440647017715758,-99.33193075320422
DS-0404,Iztapalapa,19.105294205498055,-99.15740346386949,ninguno,19.105294205498055,-99.15740346386949
DS-0405,Coyoacán,19.548517328918788,-98.96626706094575,ninguno,19.548517328918788,-98.96626706094575
DS-0406,Azcapotzalco,19.489600012153872,-99.08899231969893,ninguno,19.489600012153872,-99.08899231969893
DS-0407,Coyoacán,19.191954218932022,-99.15179737734856,ninguno,19.191954218932022,-99.15179737734856
DS-0408,Tlalpan,19.46844828983047,-99.30572317038815,ninguno,19.46844828983047,-99.30572317038815
DS-0409,Álvaro Obregón,19.10320976593569,-99.24902548378016,ninguno,19.10320976593569,-99.24902548378016
DS-0410,Cuauhtémoc,19.54955236523712,-99.23209042017018,ninguno,19.54955236523712,-99.23209042017018
DS-0411,Iztapalapa,19.382842368053268,-99.04407857895711,ninguno,19.382842368053268,-99.04407857895711
DS-0412,Cuauhtémoc,19.3750625077794,-98.99931568109416,ninguno,19.3750625077794,-98.99931568109416
DS-0413,Venustiano Carranza,19.095220363492068,-98.98934325857343,ninguno,19.095220363492068,-98.98934325857343
DS-0414,Gustavo A. Madero,19.498516699448313,-98.9561725566997,ninguno,19.498516699448313,-98.9561725566997
DS-0415,Coyoacán,19.064499751602234,-98.95705332675819,ninguno,19.064499751602234,-98.95705332675819
DS-0416,Álvaro Obregón,-98.9688003468928,19.170414029020574,coordenadas_invertidas,19.170414029020574,-98.9688003468928
DS-0417,Gustavo A. Madero,19.121510937583317,-99.32127114379884,ninguno,19.121510937583317,-99.32127114379884
DS-0418,Benito Juárez,19.43838397034611,-99.29488258562887,ninguno,19.43838397034611,-99.29488258562887
DS-0419,Benito Juárez,89.98900321023669,-99.11292456572316,outlier_geografico,19.14910211360645,-99.22821338940959
DS-0420,Álvaro Obregón,19.50531911356544,-99.12884069837422,ninguno,19.50531911356544,-99.12884069837422
DS-0421,Benito Juárez,193.78134519663746,-99.31120884451781,tipazo_decimal,19.378134519663746,-99.31120884451781
DS-0422,Tlalpan,19.068081355247347,-99.01168121687914,ninguno,19.068081355247347,-99.01168121687914
DS-0423,Miguel Hidalgo,19.411726520294287,-0.06879567943007757,outlier_geografico,19.05271491706435,-99.10329752836907
DS-0424,Azcapotzalco,,,nulos,19.0758289585072,-99.13305423907912
DS-0425,Coyoacán,19.352962588823864,-99.28387547065307,ninguno,19.352962588823864,-99.28387547065307
DS-0426,Iztapalapa,19.450740905429708,99.24869781023992,signo_longitud,19.450740905429708,-99.24869781023992
DS-0427,Miguel Hidalgo,19.169276410313696,-99.28587519000709,ninguno,19.169276410313696,-99.28587519000709
DS-0428,Coyoacán,19.47470442146154,-99.00922673688208,ninguno,19.47470442146154,-99.00922673688208
DS-0429,Tlalpan,19.07861597007663,-99.11630885597552,ninguno,19.07861597007663,-99.11630885597552
DS-0430,Benito Juárez,-99.05594822899215,19.45048192682084,coordenadas_invertidas,19.45048192682084,-99.05594822899215
DS-0431,Miguel Hidalgo,-99.23158685483598,19.51389771508614,coordenadas_invertidas,19.51389771508614,-99.23158685483598
DS-0432,Iztapalapa,19.436054199552192,-99.20149894516469,ninguno,19.436054199552192,-99.20149894516469
DS-0433,Miguel Hidalgo,19.39906039198932,-99.18805801422938,ninguno,19.39906039198932,-99.18805801422938
DS-0434,Coyoacán,19.46899010932769,99.04599401130238,signo_longitud,19.46899010932769,-99.04599401130238
DS-0435,Álvaro Obregón,19.070075649773536,-99.04105880493017,ninguno,19.070075649773536,-99.04105880493017
DS-0436,Iztapalapa,19.15089105535953,-99.26727458899438,ninguno,19.15089105535953,-99.26727458899438
DS-0437,Gustavo A. Madero,19.112461839652823,-98.97338445730476,ninguno,19.112461839652823,-98.97338445730476
DS-0438,Gustavo A. Madero,19.302265495096496,-99.30173786502252,ninguno,19.302265495096496,-99.30173786502252
DS-0439,Azcapotzalco,19.42259406416442,-98.99155116703055,ninguno,19.42259406416442,-98.99155116703055
DS-0440,Cuauhtémoc,19.3650059222882,-99.30984174174007,ninguno,19.3650059222882,-99.30984174174007
DS-0441,Coyoacán,19.47556554988097,-99.24418407553947,ninguno,19.47556554988097,-99.24418407553947
DS-0442,Cuauhtémoc,19.127606496220547,-99.01140858557282,ninguno,19.127606496220547,-99.01140858557282
DS-0443,Cuauhtémoc,19.41731054596758,-99.27820317106156,ninguno,19.41731054596758,-99.27820317106156
DS-0444,Benito Juárez,19.146520745434454,-99.184572827476,ninguno,19.146520745434454,-99.184572827476
DS-0445,Iztapalapa,0.0,0.0,ceros,19.1853793756589,-99.17005628002235
DS-0446,Azcapotzalco,19.404952348640652,99.2518964107907,signo_longitud,19.404952348640652,-99.2518964107907
DS-0447,Tlalpan,19.54010239244934,-99.0659019194656,ninguno,19.54010239244934,-99.0659019194656
DS-0448,Gustavo A. Madero,-99.00946614023913,19.355771802988535,coordenadas_invertidas,19.355771802988535,-99.00946614023913
DS-0449,Tlalpan,-99.00016994405777,19.077250157495648,coordenadas_invertidas,19.077250157495648,-99.00016994405777
DS-0450,Miguel Hidalgo,0.0,0.0,ceros,19.358154484963766,-99.21427114170537
DS-0451,Azcapotzalco,19.071175275790083,-99.13765984228488,ninguno,19.071175275790083,-99.13765984228488
DS-0452,Azcapotzalco,19.49207285568341,-99.25063743845374,ninguno,19.49207285568341,-99.25063743845374
DS-0453,Cuauhtémoc,19.40478914255031,99.25208139937993,signo_longitud,19.40478914255031,-99.25208139937993
DS-0454,Álvaro Obregón,19.136563923211252,-99.28549837485923,ninguno,19.136563923211252,-99.28549837485923
DS-0455,Azcapotzalco,19.0958605029121,98.973992395677,signo_longitud,19.0958605029121,-98.973992395677
DS-0456,Álvaro Obregón,19.14176661444016,-98.99480446855777,ninguno,19.14176661444016,-98.99480446855777
DS-0457,Azcapotzalco,19.540013589777097,-99.03905651466893,ninguno,19.540013589777097,-99.03905651466893
DS-0458,Venustiano Carranza,,,nulos,19.279280321229244,-99.14293539148491
DS-0459,Álvaro Obregón,19.442040474170703,-99.15375683379526,ninguno,19.442040474170703,-99.15375683379526
DS-0460,Cuauhtémoc,19.36820417105389,-99.138101733527,ninguno,19.36820417105389,-99.138101733527
DS-0461,Coyoacán,19.336206574979318,-99.13537279456916,ninguno,19.336206574979318,-99.13537279456916
DS-0462,Benito Juárez,191.22565127332524,-99.17617476612092,tipazo_decimal,19.122565127332525,-99.17617476612092
DS-0463,Álvaro Obregón,19.52301222677905,-99.29729806684317,ninguno,19.52301222677905,-99.29729806684317
DS-0464,Iztapalapa,19.20067131625736,-99.29973445885258,ninguno,19.20067131625736,-99.29973445885258
DS-0465,Álvaro Obregón,19.33900860790377,-98.96910011366172,ninguno,19.33900860790377,-98.96910011366172
DS-0466,Miguel Hidalgo,,,nulos,19.399887972294533,-99.15718769616547
DS-0467,Coyoacán,19.374616577622657,-98.96871779003793,ninguno,19.374616577622657,-98.96871779003793
DS-0468,Gustavo A. Madero,19.52029720484776,-99.28456924891596,ninguno,19.52029720484776,-99.28456924891596
DS-0469,Cuauhtémoc,35.64378287402959,139.6609139325399,outlier_geografico,19.12421949496003,-99.12823337918402
DS-0470,Benito Juárez,19.304176369223473,-99.26691309865939,ninguno,19.304176369223473,-99.26691309865939
DS-0471,Azcapotzalco,19.252017195370385,-99.24872615754936,ninguno,19.252017195370385,-99.24872615754936
DS-0472,Cuauhtémoc,19.28708436474131,-99.33797816849552,ninguno,19.28708436474131,-99.33797816849552
DS-0473,Álvaro Obregón,-99.3024186757039,19.109608763098873,coordenadas_invertidas,19.109608763098873,-99.3024186757039
DS-0474,Benito Juárez,19.117047304936385,-98.98326063694833,ninguno,19.117047304936385,-98.98326063694833
DS-0475,Miguel Hidalgo,19.18903777289063,-99.22138680340707,ninguno,19.18903777289063,-99.22138680340707
DS-0476,Álvaro Obregón,40.66983799540242,-73.97244041356491,outlier_geografico,19.202352301880417,-99.10674831523416
DS-0477,Iztapalapa,19.263951606840674,99.1639943472043,signo_longitud,19.263951606840674,-99.1639943472043
DS-0478,Miguel Hidalgo,19.355493773518315,-99.18981950190188,ninguno,19.355493773518315,-99.18981950190188
DS-0479,Cuauhtémoc,19.367314558709133,-99.13724556346158,ninguno,19.367314558709133,-99.13724556346158
DS-0480,Miguel Hidalgo,19.255905448292786,-99.27510442215386,ninguno,19.255905448292786,-99.27510442215386
DS-0481,Gustavo A. Madero,-98.95455844059217,19.25439155471435,coordenadas_invertidas,19.25439155471435,-98.95455844059217
DS-0482,Azcapotzalco,19.158814263348482,-99.02267685251846,ninguno,19.158814263348482,-99.02267685251846
DS-0483,Miguel Hidalgo,19.344153124204503,-99.0533541469074,ninguno,19.344153124204503,-99.0533541469074
DS-0484,Coyoacán,-99.16249628119442,19.20852045565862,coordenadas_invertidas,19.20852045565862,-99.16249628119442
DS-0485,Coyoacán,190.68029917138685,-99.28884915114946,tipazo_decimal,19.068029917138684,-99.28884915114946
DS-0486,Coyoacán,19.25920002207843,-98.98173365669058,ninguno,19.25920002207843,-98.98173365669058
DS-0487,Benito Juárez,19.287066337545085,-99.2134451730473,ninguno,19.287066337545085,-99.2134451730473
DS-0488,Cuauhtémoc,19.162796434102106,-99.32995732412122,ninguno,19.162796434102106,-99.32995732412122
DS-0489,Iztapalapa,19.33622896656106,-99.21303852927575,ninguno,19.33622896656106,-99.21303852927575
DS-0490,Coyoacán,19.33288595021596,-99.03221718780165,ninguno,19.33288595021596,-99.03221718780165
DS-0491,Coyoacán,19.401001090555187,-99.10091650200472,ninguno,19.401001090555187,-99.10091650200472
DS-0492,Benito Juárez,19.373974241100605,-99.04966456610205,ninguno,19.373974241100605,-99.04966456610205
DS-0493,Venustiano Carranza,19.376216528260517,-99.03254584645505,ninguno,19.376216528260517,-99.03254584645505
DS-0494,Gustavo A. Madero,0.0,0.0,ceros,19.20810707591202,-99.26521815556778
DS-0495,Álvaro Obregón,194.43716110992978,-98.98048667356274,tipazo_decimal,19.443716110992977,-98.98048667356274
DS-0496,Benito Juárez,19.32457219179984,-99.17480415883185,ninguno,19.32457219179984,-99.17480415883185
DS-0497,Azcapotzalco,19.265709097589944,-99.09439454029433,ninguno,19.265709097589944,-99.09439454029433
DS-0498,Azcapotzalco,19.36300624047053,-99.3490764909653,ninguno,19.36300624047053,-99.3490764909653
DS-0499,Cuauhtémoc,-33.43022454468188,-70.73835291251177,outlier_geografico,19.230328667225127,-98.95265260063553
DS-0500,Venustiano Carranza,19.30636962230338,-99.23764144561433,ninguno,19.30636962230338,-99.23764144561433
